implement,mixing_efficiency,depth_cm
AERATOR,0.05,20.0
"AERATOR, TANDEM DRUM, ANGLE>5",0.1,20.0
"BED SHAPING, BED-SHAPER PLANTER",0.25,6.0
"BED SHAPING, BEDDER DISK",0.8,15.0
"BED SHAPING, BEDDER DISK-ROW",0.72,10.0
"BED SHAPING, BEDDER DISK/DISK-HIPPER, DEPTH GT4.5IN",0.72,15.0
"BED SHAPING, BEDDER DISK/DISK-HIPPER, DEPTH LE4.5IN",0.72,10.0
"BED SHAPING, BEDDER SHAPER",0.36,15.0
"BED SHAPING, FURROW DIKER",0.7,10.0
"BED SHAPING, HIPPER",0.5,10.0
"CONDITIONER, COULTER CADDY, SMOOTH COULTERS",0.07,6.0
"CONDITIONER, FIELD",0.1,6.0
"CONDITIONER, ROW",0.5,3.0
"CULTIVATOR, CRUST BUSTER",0.1,6.0
"CULTIVATOR, CULTIWEEDER",0.3,10.0
"CULTIVATOR, DUCKFOOT",0.55,10.0
"CULTIVATOR, FIELD",0.39,10.0
"CULTIVATOR, FURROW-OUT",0.51,3.0
"CULTIVATOR, MARKER",0.45,10.0
"CULTIVATOR, MIDDLE-BUSTER, GT5IN",0.7,15.0
"CULTIVATOR, MIDDLE-BUSTER, LE5IN",0.7,10.0
"CULTIVATOR, ROLLING",0.51,3.0
"CULTIVATOR, ROTARY HOE",0.75,3.0
"CULTIVATOR, ROTOVATOR-BEDDER",0.8,10.0
"CULTIVATOR, ROW",0.25,3.0
"CULTIVATOR, SAND-FIGHTER",0.34,10.0
"CULTIVATOR, TRIPLE-K",0.4,10.0
"FINISHER, LANDOLL, DO-ALL",0.8,15.0
"FINISHING, FLOAT",0.1,6.0
"HARROW, COILED TINES",0.2,3.0
"HARROW, DISK, BORDER MAKER",0.72,15.0
"HARROW, DISK, CHISEL (MULCH TILLER)",0.4,16.0
"HARROW, DISK, INTER-ROW STRIP DISK",0.36,10.0
"HARROW, DISK, OFFSET, HEAVYDUTY",0.8,22.0
"HARROW, DISK, OFFSET, LIGHTDUTY",0.6,10.0
"HARROW, DISK, SINGLE",0.6,10.0
"HARROW, DISK, TANDEM, HEAVYDUTY",0.8,15.0
"HARROW, DISK, TANDEM, LIGHTDUTY",0.8,8.0
"HARROW, FINISHING",0.32,10.0
"HARROW, FLEX-TINE",0.12,3.0
"HARROW, POWERED SPIKE TOOTH",0.32,8.0
"HARROW, ROLLING",0.7,5.0
"HARROW, SPIKE TOOTH OR SPRING TOOTH",0.32,3.0
"HARVEST, COMBINE WINDROWS",0.0,0.0
"HARVEST, FORAGE",0.0,0.0
"HARVEST, GRAIN",0.0,0.0
"HARVEST, OILSEEDS",0.0,0.0
"LEVELING, 10-FT BLADE",0.25,8.0
"LEVELING, LAND PLANE-LEVELER",0.5,8.0
"LEVELING, LEVELER",0.5,3.0
"NUTRIENT MGMT: FERT APPL, ANYHD KNIFE",0.1,15.0
"NUTRIENT MGMT: FERT APPL, COULTER",0.07,13.0
"NUTRIENT MGMT: FERT APPL, PRECISION",0.07,18.0
"NUTRIENT MGMT: FERT APPL, SHANK",0.2,18.0
"NUTRIENT MGMT: FERT APPL, STRIP TILL",0.14,15.0
NUTRIENT MGMT: MANURE INJECTOR,0.2,13.0
"PLANTER, AIR-DELIVERY",0.05,4.0
"PLANTER, DRILL, AIR DELIVERY",0.05,4.0
"PLANTER, DRILL, DISCGRAIN",0.15,4.0
"PLANTER, DRILL, LISTER",0.24,4.0
"PLANTER, DRILL, NO-TILL, MIN-TILL",0.05,4.0
"PLANTER, INTER/OVER SEEDER",0.05,2.0
"PLANTER, LISTER-BEDDER",0.8,10.0
"PLANTER, NO-TILL",0.05,6.0
"PLANTER, REGULAR",0.05,4.0
"PLANTER, RIDGE TILL",0.1,4.0
"PLANTER, STRIP TILL",0.05,4.0
"PLOW, CHISEL",0.6,25.0
"PLOW, COULTER-CHISEL",0.68,15.0
"PLOW, DISK",0.8,10.0
"PLOW, MOLDBOARD",0.9,15.0
"PLOW, ONE-WAY DISK TILLER",0.6,10.0
"PLOW, PARAPLOW",0.1,30.0
"PLOW, STUBBLE MULCH",0.15,8.0
"PLOW, SWEEP",0.15,20.0
RESIDUE MGMT: MULCH TREADER,0.4,5.0
RESIDUE MGMT: POWER MULCHER,0.7,5.0
RESIDUE MGMT: STALK PULLER CHOPPER,0.2,10.0
RESIDUE MGMT: TRASH WHEEL,0.02,4.0
RIPPER/SUBSOILER,0.41,30.0
"ROLLER, CRIMPER",0.05,4.0
"ROLLER, CULTI-MULCHER",0.25,10.0
"ROLLER, CULTI-PACKER/PULVERIZER",0.35,4.0
"ROLLER, HARROW",0.4,6.0
"ROLLER, PACKER",0.35,4.0
"ROLLER, SEEDBED",0.05,4.0
"ROTO-TILLER, ROTO-TILLER DIGGER, ROTERRA",0.8,13.0
"SPADER, GT4IN",0.7,15.0
"SPADER, SHALLOW, LE4IN",0.7,9.0
SPRAYER/AERIAL/BROADCAST APPLICATION,0.0,0.0
WEED MGMT: MULTI-WEEDER OR ROD WEEDER,0.18,3.0
WEED MGMT: RUBBER-WHEEL WEED PULLER,0.13,1.0
WEED MGMT: SCALPER,0.1,9.0
